producto,categoria,proveedor,estado,metodo,imagen_local,fuente_imagen,pagina_fuente,error
Ryzen 5 5500,Procesadores,AMD,real,official-image-search,../src/imgs/productos/ryzen-5-5500.webp,https://www.amd.com/content/dam/amd/en/images/products/processors/ryzen/ryzen-5-5500x3d/3398650-ryzen-5-5500x3d-product-left.jpg,https://www.amd.com/es/products/processors/desktops/ryzen/5000-series/amd-ryzen-5-5500x3d.html,
Ryzen 5 5600G,Procesadores,AMD,real,official-image-search,../src/imgs/productos/ryzen-5-5600g.webp,https://www.amd.com/content/dam/amd/en/images/products/processors/ryzen/2505503-ryzen-5-5600x.jpg,https://www.amd.com/fr/products/processors/desktops/ryzen/5000-series/amd-ryzen-5-5600x.html,
Ryzen 5 5600,Procesadores,AMD,real,official-image-search,../src/imgs/productos/ryzen-5-5600.webp,https://www.amd.com/content/dam/amd/en/images/products/processors/ryzen/2505503-ryzen-5-5600x.jpg,https://www.amd.com/fr/products/processors/desktops/ryzen/5000-series/amd-ryzen-5-5600x.html,
Ryzen 7 5700X,Procesadores,AMD,fallback,official-image-search,../src/imgs/productos/ryzen-7-5700x.webp,https://www.amd.com/content/dam/amd/en/images/products/som/2330800-black-grey-angles-gradient-texture-background.jpg,https://www.amd.com/ko/support/downloads/drivers.html/processors/ryzen/ryzen-5000-series/amd-ryzen-7-5700x.html,Imagen tipo banner descartada (1920x300)
Ryzen 7 5700X3D,Procesadores,AMD,real,official-image-search,../src/imgs/productos/ryzen-7-5700x3d.webp,https://www.amd.com/content/dam/amd/en/images/products/processors/ryzen/2505503-ryzen-7-5800x.jpg,https://www.amd.com/fr/products/processors/desktops/ryzen/5000-series/amd-ryzen-7-5800xt.html,
Ryzen 5 7600,Procesadores,AMD,real,official-image-search,../src/imgs/productos/ryzen-5-7600.webp,https://www.amd.com/content/dam/amd/en/images/products/processors/ryzen/2841053-amd-ryzen-5-7600-x3d.jpg,https://www.amd.com/ja/products/processors/desktops/ryzen/7000-series/amd-ryzen-5-7600x3d.html,
Ryzen 5 8600G,Procesadores,AMD,real,official-image-search,../src/imgs/productos/ryzen-5-8600g.webp,https://cdn11.bigcommerce.com/s-7g81zn9sor/images/stencil/1280x1280/products/157/462/2454599-amd-ryzen-5-8600g-PIB-shop__88778.1705523581.jpg?c=1,https://shop-us-en.amd.com/amd-ryzen-5-8600G-processor/,
Core i3-14100F,Procesadores,Intel,real,official-image-search,../src/imgs/productos/core-i3-14100f.webp,https://www.intel.com/content/dam/www/central-libraries/us/en/images/2022-08/rpl-2022-dotcom-2col-nextlevel.png,https://www.intel.com/content/www/us/en/products/docs/processors/core/13th-gen-processors.html,
Core i5-14400F,Procesadores,Intel,fallback,official-image-search,../src/imgs/productos/core-i5-14400f.webp,https://www.thailand.intel.com/content/dam/logos/intel-header-logo.svg,https://www.thailand.intel.com/content/www/th/th/products/sku/236777/intel-core-i5-processor-14400f-20m-cache-up-to-4-70-ghz/specifications.html,Imagen demasiado pequeña (395x156)
Core i5-14600K,Procesadores,Intel,real,official-image-search,../src/imgs/productos/core-i5-14600k.webp,https://www.intel.com/content/dam/www/central-libraries/xl/es/images/2022-06/km-1920x1080-i5.png,https://www.intel.com/content/www/us/en/products/sku/236799/intel-core-i5-processor-14600k-24m-cache-up-to-5-30-ghz.html,
PRIME A520M-A II,Placas madre,ASUS,real,official-image-search,../src/imgs/productos/prime-a520m-a-ii.webp,https://dlcdnwebimgs.asus.com/gain/ca98ca7d-fe6a-46c7-900b-96d7c65d57bd/w800,https://www.asus.com/motherboards-components/motherboards/prime/prime-a520m-a-ii/,
B550M DS3H AC,Placas madre,Gigabyte,real,official-image-search,../src/imgs/productos/b550m-ds3h-ac.webp,https://www.gigabyte.com/Image/a81fe2306edfafb3a4fb85ccafd0081b/ProductRemoveBg/35281,https://www.gigabyte.com/Motherboard/B550M-DS3H-AC-rev-17,
B550-A PRO,Placas madre,MSI,real,official-image-search,../src/imgs/productos/b550-a-pro.webp,https://asset.msi.com/resize/image/global/product/product_1_20200818100208_5f3b36a02389e.png62405b38c58fe0f07fcef2367d8a9ba1/1024.png,https://br.msi.com/Motherboard/B550M-A-PRO/Specification,
TUF GAMING B550-PLUS WIFI II,Placas madre,ASUS,real,official-image-search,../src/imgs/productos/tuf-gaming-b550-plus-wifi-ii.webp,https://dlcdnwebimgs.asus.com/gain/194ef7df-2785-4486-8c91-eaaed7a0604a/,https://www.asus.com/pt/motherboards-components/motherboards/tuf-gaming/tuf-gaming-b550-plus-wifi-ii/,
PRO B650M-A WIFI,Placas madre,MSI,real,official-image-search,../src/imgs/productos/pro-b650m-a-wifi.webp,https://asset.msi.com/resize/image/global/product/product_1664782103bd0750526bf08cc98f5d01ef1436f9fa.png62405b38c58fe0f07fcef2367d8a9ba1/1024.png,https://www.msi.com/Motherboard/PRO-B650M-A-WIFI/Gallery,
B650 EAGLE AX,Placas madre,Gigabyte,real,official-image-search,../src/imgs/productos/b650-eagle-ax.webp,https://static.gigabyte.com/StaticFile/Image/Global/51a6a25e6a196a7ab7099b888bbe47ae/Product/38814/Png,https://www.gigabyte.com/fr/Motherboard/B650-EAGLE-AX-rev-10-11,
TUF GAMING B760-PLUS WIFI D4,Placas madre,ASUS,real,official-image-search,../src/imgs/productos/tuf-gaming-b760-plus-wifi-d4.webp,https://dlcdnwebimgs.asus.com/files/media/2c5d9519-137f-4655-b63a-cd42d2100e60/V1/img/performance/fan.jpg,https://www.asus.com/us/motherboards-components/motherboards/tuf-gaming/tuf-gaming-b760-plus-wifi-d4/,
B760M DS3H DDR4,Placas madre,Gigabyte,real,official-image-search,../src/imgs/productos/b760m-ds3h-ddr4.webp,https://static.gigabyte.com/StaticFile/Image/Global/6ad7aaccfdaee92d8608b4d4b8fb59eb/Product/45312/Png,https://www.gigabyte.com/hu/Motherboard/B760M-DS3H-DDR4-GEN5,
PRO B760M-A WIFI DDR4,Placas madre,MSI,real,fallback-image-search,../src/imgs/productos/pro-b760m-a-wifi-ddr4.webp,https://storage-asset.msi.com/global/picture/image/feature/mb/Pro_B760M/PRO_B760M-A-Wifi-ddr4/msi-pro-b760m-a-wifi-ddr4-kv.png,https://www.msi.com/Motherboard/PRO-B760M-A-WIFI-DDR4,
Vengeance LPX DDR4 16GB 3200MT/s,Memoria RAM,Corsair,real,official-image-search,../src/imgs/productos/vengeance-lpx-ddr4-16gb-3200mt-s.webp,"https://assets.corsair.com/image/upload/c_pad,q_auto,h_1024,w_1024,f_auto/products/Memory/CMK32GX4M2A2666C16R/Gallery/VENG_LPX_RED_00.webp",https://www.corsair.com/ca/en/p/memory/cmk32gx4m2a2666c16r/vengeancea-lpx-32gb-2-x-16gb-ddr4-dram-2666mhz-c16-memory-kit-red-cmk32gx4m2a2666c16r,
Vengeance LPX DDR4 32GB 3200MT/s,Memoria RAM,Corsair,real,fallback-image-search,../src/imgs/productos/vengeance-lpx-ddr4-32gb-3200mt-s.webp,"https://assets.corsair.com/image/upload/c_pad,q_auto,h_1024,w_1024,f_auto/products/Memory/CMK32GX4M2A2666C16R/Gallery/VENG_LPX_RED_00.webp",https://www.corsair.com/ca/en/p/memory/cmk32gx4m2a2666c16r/vengeancea-lpx-32gb-2-x-16gb-ddr4-dram-2666mhz-c16-memory-kit-red-cmk32gx4m2a2666c16r,
FURY Beast DDR4 16GB 3200MT/s,Memoria RAM,Kingston,real,fallback-image-search,../src/imgs/productos/fury-beast-ddr4-16gb-3200mt-s.webp,https://media.kingston.com/kingston/features/ktc-feature-image-fury-beast-rgb-black-ddr4-lg.jpg,https://www.cybertech.cl/kingston-fury-beast-rgb-8gb-3200-mts-ddr4-dimm,
FURY Beast DDR4 32GB 3200MT/s,Memoria RAM,Kingston,real,fallback-image-search,../src/imgs/productos/fury-beast-ddr4-32gb-3200mt-s.webp,https://media.kingston.com/kingston/hero/ktc-hero-memory-fury-beast-rgb-black-ddr4-lg.jpg,https://www.kingston.com/latam/memory/gaming/kingston-fury-beast-ddr4-rgb-memory?speed=2666mt/s&total (kit) capacity=32gb&kit=kit of 2&dram density=16gbit,
FURY Beast DDR5 16GB 5600MT/s,Memoria RAM,Kingston,real,official-image-search,../src/imgs/productos/fury-beast-ddr5-16gb-5600mt-s.webp,https://media.kingston.com/kingston/product/FURY_Beast_Black_RGB_DDR5_1_angle-zm-lg.jpg,https://www.kingston.com/en/memory/gaming/kingston-fury-beast-ddr5-rgb-memory?speed=5600mt/s&total (kit) capacity=32gb&kit=kit of 2&dram density=16gbit&color=white,
GeForce RTX 4060 8GB,Tarjetas gráficas,NVIDIA,real,fallback-image-search,../src/imgs/productos/geforce-rtx-4060-8gb.webp,https://images.nvidia.com/aem-dam/Solutions/geforce/ada/rtx-4090/geforce-rtx-4090-product-gallery-full-screen-3840-3.jpg,https://www.nvidia.com/ro-ro/geforce/graphics-cards/40-series/rtx-4060-4060ti/,
Radeon RX 6600 8GB,Tarjetas gráficas,AMD,real,fallback-image-search,../src/imgs/productos/radeon-rx-6600-8gb.webp,https://www.amd.com/content/dam/amd/en/images/products/graphics/2648997-amd-radeon-6600.jpg,https://www.amd.com/de/products/graphics/desktops/radeon/6000-series/amd-radeon-rx-6600.html,
Radeon RX 7600 8GB,Tarjetas gráficas,AMD,real,official-image-search,../src/imgs/productos/radeon-rx-7600-8gb.webp,https://www.amd.com/content/dam/amd/en/images/products/2029064-amd-radeon-rx-7600-og.jpg,https://www.amd.com/ko/where-to-buy/graphics/radeon.html,
Radeon RX 7600 XT 16GB,Tarjetas gráficas,AMD,real,official-image-search,../src/imgs/productos/radeon-rx-7600-xt-16gb.webp,https://www.amd.com/content/dam/amd/en/images/products/graphics/2648997-amd-radeon-7600xt.jpg,https://www.amd.com/en/products/graphics/desktops/radeon/7000-series/amd-radeon-rx-7600-xt.html,
Radeon RX 7700 XT 12GB,Tarjetas gráficas,AMD,real,official-image-search,../src/imgs/productos/radeon-rx-7700-xt-12gb.webp,https://www.amd.com/content/dam/amd/en/images/products/graphics/2648997-amd-radeon-6800xt.jpg,https://www.amd.com/de/products/graphics/desktops/radeon/6000-series/amd-radeon-rx-6800-xt.html,
Arc A750 8GB,Tarjetas gráficas,Intel,real,fallback-image-search,../src/imgs/productos/arc-a750-8gb.webp,https://game.intel.com/wp-content/uploads/2023/02/a750-post.png,https://www.gcccac.org/232007137317519.html,
NV3 1TB,Almacenamiento,Kingston,real,official-image-search,../src/imgs/productos/nv3-1tb.webp,https://media.kingston.com/kingston/product/SNV3S_1000GB-lg.jpg,https://www.kingston.com/br/ssd/nv3-nvme-pcie-ssd?capacity=1tb,
P3 Plus 1TB,Almacenamiento,Crucial,fallback,fallback-image-search,../src/imgs/productos/p3-plus-1tb.webp,https://media.karousell.com/media/photos/products/2023/2/27/crucial_p3_plus_1tb_ssd_1677485320_80c9db24.jpg,https://www.carousell.sg/p/crucial-p3-plus-1tb-pcie-gen-4-nvme-m-2-ssd-1217692561/,La URL no devolvió una imagen
990 EVO Plus 1TB,Almacenamiento,Samsung,real,official-image-search,../src/imgs/productos/990-evo-plus-1tb.webp,https://image-us.samsung.com/SamsungUS/home/computing/memory-storage/solid-state-drives/02192025/MZ-V9S1T0B-AM_003_R-Perspective_Black_1600x1200.jpg?$product-details-jpg$,https://www.samsung.com/us/computing/memory-storage/solid-state-drives/990-evo-plus-gen4-nvme-ssd-1tb-mz-v9s1t0b-am/,
MAG A550BN 550W,Fuentes de poder,MSI,real,official-image-search,../src/imgs/productos/mag-a550bn-550w.webp,https://asset.msi.com/resize/image/global/product/product_1626402693e1868be1e3c93ef5c58f46894b183d4e.png62405b38c58fe0f07fcef2367d8a9ba1/600.png,https://www.msi.com/Power-Supply/MAG-A550BN,
MAG A650BN 650W,Fuentes de poder,MSI,real,official-image-search,../src/imgs/productos/mag-a650bn-650w.webp,https://asset.msi.com/resize/image/global/product/product_1626402693b9af2a0bae70bbd789e14f3365b065bb.png62405b38c58fe0f07fcef2367d8a9ba1/600.png,https://www.msi.com/Power-Supply/MAG-A650BN,
CX650 650W,Fuentes de poder,Corsair,real,fallback-image-search,../src/imgs/productos/cx650-650w.webp,"https://assets.corsair.com/image/upload/c_pad,q_85,h_1100,w_1100,f_auto/products/Power-Supply-Units/base-cx-series-2023-config/CX650/CX650_01.webp",https://www.corsair.com/uk/en/p/psu/cp-9020278-uk/cx-series-cx650-650-watt-80-plus-bronze-atx-power-supply-uk-cp-9020278-uk,
RM750e 750W,Fuentes de poder,Corsair,real,fallback-image-search,../src/imgs/productos/rm750e-750w.webp,"https://assets.corsair.com/image/upload/c_pad,q_85,h_1100,w_1100,f_auto/products/rme-series-2025/Gallery/CP-9020295-NA_03.webp",https://www.nexxcom.lk/corsair-rm750e-750w-80-gold-fully-modular-low-noise-atx3-1/,
H5 Flow,Gabinetes,NZXT,real,fallback-image-search,../src/imgs/productos/h5-flow.webp,https://nzxt.com/cdn/shop/files/h5-flow-tool-less-access-primary-lg.png?v=1744861607&width=1200,https://nzxt.com/en-intl/products/h5-flow,
3000D AIRFLOW,Gabinetes,Corsair,fallback,official-image-search,../src/imgs/productos/3000d-airflow.webp,https://d1q3zw97enxzq2.cloudfront.net/images/3000D_RGB_Main_Visual.width-1500.format-webp.webp,https://www.corsair.com/lm/pt/explorer/diy-builder/cases/3000d-rgb-airflow-mid-tower-case/,La URL no devolvió una imagen
Core i3-10100F,Procesadores,Intel,fallback,official-image-search,../src/imgs/productos/core-i3-10100f.webp,https://www.intel.com/content/dam/support/us/en/images/processors/5940_image11.png,https://www.thailand.intel.com/content/www/th/th/support/articles/000005940/processors.html,Imagen tipo banner descartada (1517x349)
Core i3-10105F,Procesadores,Intel,real,official-image-search,../src/imgs/productos/core-i3-10105f.webp,https://community.intel.com/t5/image/serverpage/image-id/52874i2AD11A6C93E380E6?v=v2&whitelist-exif-data=Orientation%2CResolution%2COriginalDefaultFinalSize%2CCopyright,https://community.intel.com/t5/Blogs/Tech-Innovation/Artificial-Intelligence-AI/Intel-Shows-OCI-Optical-I-O-Chiplet-Co-packaged-with-CPU-at/post/1582541,
Core i5-10400F,Procesadores,Intel,real,official-image-search,../src/imgs/productos/core-i5-10400f.webp,https://www.intel.com/content/dam/www/central-libraries/us/en/images/2022-08/rpl-2022-dotcom-2col-nextlevel.png,https://www.intel.com/content/www/us/en/products/docs/processors/core/13th-gen-processors.html,
Core i5-10600K,Procesadores,Intel,real,official-image-search,../src/imgs/productos/core-i5-10600k.webp,https://www.intel.com/content/dam/www/central-libraries/us/en/images/2022-08/rpl-2022-dotcom-2col-nextlevel.png,https://www.intel.com/content/www/us/en/products/docs/processors/core/13th-gen-processors.html,
Core i7-10700,Procesadores,Intel,real,fallback-image-search,../src/imgs/productos/core-i7-10700.webp,https://www.ryans.com/storage/products/main/intel-10th-gen-comet-lake-core-i7-10700-processor-11671012044.webp,https://www.ryans.com/intel-10th-gen-comet-lake-core-i7-10700-processor,
Core i9-10900K,Procesadores,Intel,real,official-image-search,../src/imgs/productos/core-i9-10900k.webp,https://www.intel.com/content/dam/www/central-libraries/us/en/images/2023-09/core-ultra-9-badge-highrez.png,https://ark.intel.com/content/www/jp/ja/ark/products/241060/intel-core-ultra-9-processor-285k-36m-cache-up-to-5-70-ghz.html,
Core i5-11400F,Procesadores,Intel,real,official-image-search,../src/imgs/productos/core-i5-11400f.webp,https://www.intel.com/content/dam/www/central-libraries/xl/es/images/2022-06/km-1920x1080-i5.png,https://ark.intel.com/content/www/us/en/ark/products/238779.html,
Core i5-11600K,Procesadores,Intel,real,official-image-search,../src/imgs/productos/core-i5-11600k.webp,https://www.intel.com/content/dam/www/central-libraries/us/en/images/2022-08/rpl-2022-dotcom-2col-nextlevel.png,https://www.intel.com/content/www/us/en/products/docs/processors/core/13th-gen-processors.html,
Core i7-11700F,Procesadores,Intel,real,official-image-search,../src/imgs/productos/core-i7-11700f.webp,https://www.intel.com/content/dam/www/central-libraries/xl/es/images/2022-06/km-1920x1080-i7.png,https://www.intel.com/content/www/us/en/products/sku/232130/intel-core-i713620h-processor-24m-cache-up-to-4-90-ghz/downloads.html,
Core i9-11900K,Procesadores,Intel,real,official-image-search,../src/imgs/productos/core-i9-11900k.webp,https://www.intel.com/content/dam/www/central-libraries/us/en/images/2023-09/core-ultra-9-badge-highrez.png,https://ark.intel.com/content/www/jp/ja/ark/products/241060/intel-core-ultra-9-processor-285k-36m-cache-up-to-5-70-ghz.html,
PRIME H510M-E,Placas madre,ASUS,real,official-image-search,../src/imgs/productos/prime-h510m-e.webp,https://dlcdnwebimgs.asus.com/gain/5061a137-94df-4eb7-8a37-e6a1b79d7445/w692,https://www.asus.com/motherboards-components/motherboards/prime/prime-h510m-e/,
B560M PRO-VDH WIFI,Placas madre,MSI,real,fallback-image-search,../src/imgs/productos/b560m-pro-vdh-wifi.webp,https://asset.msi.com/resize/image/global/product/product_161464729060a42747a64eee89f9047901d5d39c71.png62405b38c58fe0f07fcef2367d8a9ba1/1024.png,https://de.msi.com/Motherboard/B560M-PRO-VDH-WIFI/,
B560M DS3H,Placas madre,Gigabyte,real,official-image-search,../src/imgs/productos/b560m-ds3h.webp,https://static.gigabyte.com/StaticFile/Image/Global/03e9d951814fffeceb421fc153a5b1a6/Product/28826,https://cz.gigabyte.com/motherboards/B560M-DS3H-V2-rev-10,
TUF GAMING B560-PLUS WIFI,Placas madre,ASUS,real,fallback-image-search,../src/imgs/productos/tuf-gaming-b560-plus-wifi.webp,https://dlcdnwebimgs.asus.com/files/media/41bd4406-d39a-4b6a-a424-27c74e396cbc/img/spec_pc.png,https://www.sourcetechcomputer.com/product/asus-tuf-gaming-b560-plus-wifi-11th-and-10th-gen-atx-motherboard/,
PRIME Z590-P,Placas madre,ASUS,real,official-image-search,../src/imgs/productos/prime-z590-p.webp,https://dlcdnwebimgs.asus.com/gain/17aff855-1b28-4a7d-8ca1-9aaf8418b723/w800,https://www.asus.com/bt/motherboards-components/motherboards/prime/prime-z590-p/,
MAG Z590 TOMAHAWK WIFI,Placas madre,MSI,real,official-image-search,../src/imgs/productos/mag-z590-tomahawk-wifi.webp,https://asset.msi.com/resize/image/global/product/product_1611552557d0cf50e7f40867c764b63cb21b6939da.png62405b38c58fe0f07fcef2367d8a9ba1/1024.png,https://us.msi.com/Motherboard/MAG-Z590-TOMAHAWK-WIFI,
