nombre,empresa,telefono,correo,direccion
Contacto NVIDIA (demo),NVIDIA,2200-1001,contacto-nvidia@nexus-demo.example,Registro de demostración para proyecto académico - Costa Rica
Contacto AMD (demo),AMD,2200-1002,contacto-amd@nexus-demo.example,Registro de demostración para proyecto académico - Costa Rica
Contacto Intel (demo),Intel,2200-1003,contacto-intel@nexus-demo.example,Registro de demostración para proyecto académico - Costa Rica
Contacto ASUS (demo),ASUS,2200-1004,contacto-asus@nexus-demo.example,Registro de demostración para proyecto académico - Costa Rica
Contacto MSI (demo),MSI,2200-1005,contacto-msi@nexus-demo.example,Registro de demostración para proyecto académico - Costa Rica
Contacto Gigabyte (demo),Gigabyte,2200-1006,contacto-gigabyte@nexus-demo.example,Registro de demostración para proyecto académico - Costa Rica
Contacto Corsair (demo),Corsair,2200-1007,contacto-corsair@nexus-demo.example,Registro de demostración para proyecto académico - Costa Rica
Contacto Kingston (demo),Kingston,2200-1008,contacto-kingston@nexus-demo.example,Registro de demostración para proyecto académico - Costa Rica
Contacto Crucial (demo),Crucial,2200-1009,contacto-crucial@nexus-demo.example,Registro de demostración para proyecto académico - Costa Rica
Contacto Samsung (demo),Samsung,2200-1010,contacto-samsung@nexus-demo.example,Registro de demostración para proyecto académico - Costa Rica
Contacto Western Digital (demo),Western Digital,2200-1011,contacto-western-digital@nexus-demo.example,Registro de demostración para proyecto académico - Costa Rica
Contacto G.SKILL (demo),G.SKILL,2200-1012,contacto-g-skill@nexus-demo.example,Registro de demostración para proyecto académico - Costa Rica
Contacto NZXT (demo),NZXT,2200-1013,contacto-nzxt@nexus-demo.example,Registro de demostración para proyecto académico - Costa Rica
Contacto Noctua (demo),Noctua,2200-1014,contacto-noctua@nexus-demo.example,Registro de demostración para proyecto académico - Costa Rica
Contacto LG (demo),LG,2200-1015,contacto-lg@nexus-demo.example,Registro de demostración para proyecto académico - Costa Rica
Contacto Dell (demo),Dell,2200-1016,contacto-dell@nexus-demo.example,Registro de demostración para proyecto académico - Costa Rica
Contacto Logitech (demo),Logitech,2200-1017,contacto-logitech@nexus-demo.example,Registro de demostración para proyecto académico - Costa Rica
Contacto Razer (demo),Razer,2200-1018,contacto-razer@nexus-demo.example,Registro de demostración para proyecto académico - Costa Rica
Contacto SteelSeries (demo),SteelSeries,2200-1019,contacto-steelseries@nexus-demo.example,Registro de demostración para proyecto académico - Costa Rica
Contacto HyperX (demo),HyperX,2200-1020,contacto-hyperx@nexus-demo.example,Registro de demostración para proyecto académico - Costa Rica
Contacto Sony (demo),Sony,2200-1021,contacto-sony@nexus-demo.example,Registro de demostración para proyecto académico - Costa Rica
Contacto Lenovo (demo),Lenovo,2200-1022,contacto-lenovo@nexus-demo.example,Registro de demostración para proyecto académico - Costa Rica
Contacto Acer (demo),Acer,2200-1023,contacto-acer@nexus-demo.example,Registro de demostración para proyecto académico - Costa Rica
Contacto Apple (demo),Apple,2200-1024,contacto-apple@nexus-demo.example,Registro de demostración para proyecto académico - Costa Rica
Contacto Valve (demo),Valve,2200-1025,contacto-valve@nexus-demo.example,Registro de demostración para proyecto académico - Costa Rica
Contacto TP-Link (demo),TP-Link,2200-1026,contacto-tp-link@nexus-demo.example,Registro de demostración para proyecto académico - Costa Rica
